<?xml version="1.0" encoding="UTF-8"?>
<!DOCTYPE mapper PUBLIC "-//mybatis.org//DTD Mapper 3.0//EN" "http://mybatis.org/dtd/mybatis-3-mapper.dtd">
<mapper namespace="gd.fintech.lms.manager.mapper.ManagerFaqMapper"> 
	<select id="selectFaqList" resultType="gd.fintech.lms.vo.Faq">
		SELECT 
			faq_no faqNo,
			account_id AccountId,
			faq_writer faqWriter,
			faq_title faqTitle,
			faq_content faqContent,
			faq_createdate faqCreatedate,
			faq_updatedate faqUpdatedate,
			faq_count faqCount,
			faq_category faqCategory
		FROM
			faq
	</select>
	
	<insert id="insertFaq" parameterType="gd.fintech.lms.vo.Faq">
		INSERT INTO faq (
			account_id,
			faq_writer,
			faq_title,
			faq_content,
			faq_createdate,
			faq_updatedate,
			faq_count,
			faq_category
		) VALUES (
			#{accountId},
			#{faqWriter},
			#{faqTitle},
			#{faqContent},
			now(),
			now(),
			0,
			#{faqCategory}
		)
	</insert>
	
	<delete id="deleteFaq" parameterType="int">
		DELETE FROM
			faq
		WHERE
			faq_no = #{faqNo}
	</delete>
	
	<update id="updateFaq" parameterType="gd.fintech.lms.vo.Faq">
		UPDATE
			faq
		SET
			faq_title = #{faqTitle},
			faq_content = #{faqContent},
			faq_updatedate = now(),
			faq_category = #{faqCategory}
		WHERE
			faq_no = #{faqNo}
	</update>
	
	<select id="selectFaqOne" parameterType="int" resultType="gd.fintech.lms.vo.Faq">
		SELECT 
			faq_no faqNo,
			account_id AccountId,
			faq_writer faqWriter,
			faq_title faqTitle,
			faq_content faqContent,
			faq_createdate faqCreatedate,
			faq_updatedate faqUpdatedate,
			faq_count faqCount,
			faq_category faqCategory
		FROM
			faq
		WHERE
			faq_no = #{faqNo}
	</select>
</mapper>